AoD,AoA,dels
4.3754897,1.89508293,8.61461401e-08
3.22480333,0.73614273,2.53762276e-07
1.20773555,5.59434505,1.39726646e-07
2.69560882,0.32755206,3.11045844e-07
0.65875037,5.19157188,2.38072525e-07
5.44773086,3.6990257,3.14039796e-07
5.30267927,3.55194096,2.71709225e-07
6.27893336,4.8785278,1.36142245e-07
2.73995878,0.30823997,2.50503078e-07
0.8698182,5.34572154,2.22407341e-07
